"stockId","filename","path","mediaType","category","credit","title","width","height","duration"
,"California sheepshead.jpeg","assets/California sheepshead.jpeg","photo","general","cherylvb - stock.adobe.com",,"1000","667",
,"lionfish.jpeg","assets/lionfish.jpeg","photo","reef fish","PandaFrog - stock.adobe.com","AdobeStock_t2FuYs.jpg","1000","562",
,"Mouth of a purple sea urchin, Sphaerechinus granularis, Mediterranean sea, France.jpeg","assets/Mouth of a purple sea urchin, Sphaerechinus granularis, Mediterranean sea, France.jpeg","photo","invertebrate","damedias - stock.adobe.com",,"1000","750",
"100526045","colorful-coral-reef-with-many-fishes-and-sea-turtle-100526045.jpeg","assets/colorful-coral-reef-with-many-fishes-and-sea-turtle-100526045.jpeg","photo","coral reef","vlad61_61 - stock.adobe.com","colorful coral reef with many fishes and sea turtle","4288","2848",
"101107557","grouper.jpeg","assets/grouper.jpeg","photo","coral reef","davidcarbo - stock.adobe.com","Medes Islands grouper","3000","2000",
"1029206274","axolotl.jpeg","assets/axolotl.jpeg","photo","general","lapis2380 - stock.adobe.com","AdobeStock_sx32F0.jpg","5120","3413",
"106129752","damselfish-pair-pink-coral.jpeg","assets/damselfish-pair-pink-coral.jpeg","photo","coral reef","bearacreative - stock.adobe.com","Two humbug dascyllus over coral","4983","3329",
"1074005957","relocating-young-staghorn-coral-to-a-damaged-reef-off-key-largo-1074005957.jpeg","assets/relocating-young-staghorn-coral-to-a-damaged-reef-off-key-largo-1074005957.jpeg","photo","coral restoration","Tsado - stock.adobe.com","AdobeStock_PxQdnG.jpg","5400","3600",
"110375217","Child snorkeling in Great Barrier Reef Queensland Australia.jpeg","assets/Child snorkeling in Great Barrier Reef Queensland Australia.jpeg","photo","coral reef","Rafael Ben-Ari - stock.adobe.com","Child snorkeling in Great Barrier Reef Queensland Australia","5316","3092",
"110456812","deadcoral.jpeg","assets/deadcoral.jpeg","photo","coral reef","dam - stock.adobe.com","Coral bleaching due to El Nino Pacific ocean","4980","3320",
"1144918753","striated-surgeonfish-or-lined-bristletooth-ctenochaetus-striatus-1144918753.jpeg","assets/striated-surgeonfish-or-lined-bristletooth-ctenochaetus-striatus-1144918753.jpeg","photo","coral reef","Alexey - stock.adobe.com","AdobeStock_NU5P3m.jpg","4000","2250",
"119635271","Indonesia-coral-reef.jpeg","assets/Indonesia-coral-reef.jpeg","photo","coral reef","Dudarev Mikhail - stock.adobe.co","Indonesia","3200","2133",
"1209247253","Close-up of a group of Crown-of-Thorns starfish (Acanthaster planci) with red and blue spines on branching coral, surrounded by healthy and bleached coral.jpeg","assets/Close-up of a group of Crown-of-Thorns starfish (Acanthaster planci) with red and blue spines on branching coral, surrounded by healthy and bleached coral.jpeg","photo","coral restoration","Arif Fajar S - stock.adobe.com","AdobeStock_1qXmdt.jpg","7998","4204",
"1209360091","vibrant-fish-swimming-above-colorful-coral-reef-1209360091.mov","assets/vibrant-fish-swimming-above-colorful-coral-reef-1209360091.mov","video","coral reef",,,"1920","1080","0:00:56"
"128423038","sockeye-salmon-jumping-over-waterfall-128423038.jpeg","assets/sockeye-salmon-jumping-over-waterfall-128423038.jpeg","photo","reef fish","rima15 - stock.adobe.com","RKD-KD5602","4500","3000",
"1363121054","data-analytics-vector-icon-set-adjustable-line-weight-chart-graph-1363121054.ai","assets/data-analytics-vector-icon-set-adjustable-line-weight-chart-graph-1363121054.ai","vector","general",,"144_data_vector",,,
"136629995","underwater-sunlight-136629995.jpeg","assets/underwater-sunlight-136629995.jpeg","photo","coral reef","cherylvb - stock.adobe.com","Underwater sunlight","3872","2592",
"137759377","scuba-diver-looking-at-ice-hole-while-ice-diving-137759377.jpeg","assets/scuba-diver-looking-at-ice-hole-while-ice-diving-137759377.jpeg","photo","reef fish","kondratuk - stock.adobe.com","AdobeStock_GQNpQZ.jpg","4256","2832",
"139400592","A group of Scuba Diving students have a lesson in shallow crystal clear water of a Tropical Island.jpeg","assets/A group of Scuba Diving students have a lesson in shallow crystal clear water of a Tropical Island.jpeg","photo","reef fish","phil - stock.adobe.com","A group of Scuba Diving students have a lesson in shallow crystal clear water of a Tropical Island","6000","4000",
"143365490","Couple of divers. Hands reaching out to one another, almost touching. Rangiroa, French Polynesia..jpeg","assets/Couple of divers. Hands reaching out to one another, almost touching. Rangiroa, French Polynesia..jpeg","photo","fieldwork","Guilherme - stock.adobe.com","Couple of divers. Hands reaching out to one another, almost touching. Rangiroa, French Polynesia.","2338","1754",
"143444893","Coral crab, Trapezia rufopunctata, hiding between branches of hard coral. Kritimati Island, Kribati..jpeg","assets/Coral crab, Trapezia rufopunctata, hiding between branches of hard coral. Kritimati Island, Kribati..jpeg","photo","coral reef","anemone - stock.adobe.com","Coral crab, Trapezia rufopunctata, hiding between branches of hard coral. Kritimati Island, Kribati.","5079","3377",
"143444893","coral-guard-crab-red-spotted-macro.jpeg","assets/coral-guard-crab-red-spotted-macro.jpeg","photo","coral reef","anemone - stock.adobe.com","Coral crab, Trapezia rufopunctata, hiding between branches of hard coral. Kritimati Island, Kribati.","5079","3377",
"153098554","moorea-mountain-tropical-island-view.jpeg","assets/moorea-mountain-tropical-island-view.jpeg","photo","coast","daboost - stock.adobe.com","Aerial view of Opunohu, Cook’s Bay and lagoon in Moorea Island","3750","2500",
"1541541986","Coral reef South Pacific, Bali.jpeg","assets/Coral reef South Pacific, Bali.jpeg","photo","coral reef","John Anderson - stock.adobe.com","Coral reef South Pacific, Bali","5000","3333",
"1571940951","pufferfish.jpeg","assets/pufferfish.jpeg","photo","coral reef","Steve - stock.adobe.com","AdobeStock_HLe3Hz.jpg","5472","3648",
"157198612","california-sheephead-kelp-forest.jpeg","assets/california-sheephead-kelp-forest.jpeg","photo","reef fish","cherylvb - stock.adobe.com","Sheephead in kelp","5000","3333",
"158874683","fishing-boat-dragging-a-net-throught-the-water-of-the-waddensea-the-158874683.jpeg","assets/fishing-boat-dragging-a-net-throught-the-water-of-the-waddensea-the-158874683.jpeg","photo","reef fish","Vincent - stock.adobe.com","AdobeStock_YRYHRQ.jpg","6925","4622",
"1625389924","seattle-urban-coastline.jpeg","assets/seattle-urban-coastline.jpeg","photo","coast","heyengel - stock.adobe.com","Seattle Cityscape Skyline Mount Rainier Aerial View, Washington","3427","1458",
"1683138430","elkhorn-coral-nursery-restoration-rack.jpeg","assets/elkhorn-coral-nursery-restoration-rack.jpeg","photo","coral restoration","lupiphoto - stock.adobe.com","AdobeStock_uVt8yM.jpg","5495","3663",
"168542867","scuba-diver-on-coral-reef-168542867.jpeg","assets/scuba-diver-on-coral-reef-168542867.jpeg","photo","coral reef","Jukka - stock.adobe.com","Scuba diver on coral reef","3000","2000",
"17841601","gregoire-noir-dans-le-lagon-de-la-reunion-17841601.jpeg","assets/gregoire-noir-dans-le-lagon-de-la-reunion-17841601.jpeg","photo","general","Prod. Numérik - stock.adobe.com","AdobeStock_R2eWcX.jpg","2500","1666",
"1838572066","elkhorn-coral-grunts-sunlit-reef.jpeg","assets/elkhorn-coral-grunts-sunlit-reef.jpeg","photo","coral reef","Maydel - stock.adobe.com","AdobeStock_d6cMvB.jpg","6688","4624",
"184741825","aerial-view-of-leadbetter-point-at-sunrise-santa-barbara-california-184741825.jpeg","assets/aerial-view-of-leadbetter-point-at-sunrise-santa-barbara-california-184741825.jpeg","photo","coast","Chuck Place - stock.adobe.com","AdobeStock_0XP2FD.jpg","4851","3636",
"1890595896","elkhorn-coral-grunt-school-caribbean-reef.jpeg","assets/elkhorn-coral-grunt-school-caribbean-reef.jpeg","photo","coral reef","Maydel - stock.adobe.com","AdobeStock_0S6pFp.jpg","6520","4912",
"18977952","lionfish-soft-coral.jpeg","assets/lionfish-soft-coral.jpeg","photo","coral reef","crisod - stock.adobe.com","AdobeStock_uodSZQ.jpg","3504","2336",
"190868378","foragefish.jpeg","assets/foragefish.jpeg","photo","coral reef","Elya.Q - stock.adobe.com","Saltwater sardine colony in ocean. Massive fish school undersea photo.","5184","3456",
"192189376","Green Clown Goby (Gobiodon atrangulatus).jpeg","assets/Green Clown Goby (Gobiodon atrangulatus).jpeg","photo","coral reef","Iliuta - stock.adobe.com","Green Clown Goby (Gobiodon atrangulatus)","2952","1968",
"193037275","Quillback rockfish (Sebastes maliger), Inhabit rocky bottoms and reefs.jpeg","assets/Quillback rockfish (Sebastes maliger), Inhabit rocky bottoms and reefs.jpeg","photo","coral reef","mirecca - stock.adobe.com","AdobeStock_5Ow19K.jpg","5472","3648",
"204636112","cauliflower-coral-damselfish-reef.jpeg","assets/cauliflower-coral-damselfish-reef.jpeg","photo","coral reef","damedias - stock.adobe.com","Pink cauliflower coral with fish Pacific ocean","5472","3648",
"204636112","Pink cauliflower coral with tropical fish (damselfish dascyllus) in shallow water, Pacific ocean, Polynesia, American Samoa.jpeg","assets/Pink cauliflower coral with tropical fish (damselfish dascyllus) in shallow water, Pacific ocean, Polynesia, American Samoa.jpeg","photo","coral reef","damedias - stock.adobe.com","Pink cauliflower coral with fish Pacific ocean","5472","3648",
"2075749629","yellow-striped-grunts-coral-reef.jpeg","assets/yellow-striped-grunts-coral-reef.jpeg","photo","coral reef","Pete Niesen Photo - stock.adobe.com","Large school or bait ball of yellow striped grunts haemulon plumeri, and Chaetodon striatus, banded butterfly fish swim on coral reef","5655","3770",
"208230881","wrasse-6bar.jpeg","assets/wrasse-6bar.jpeg","photo","reef fish","Takanori Yamanishi - stock.adobe.com","AdobeStock_Iq8uDG.jpg","4608","3072",
"208855701","butterflyfish-eating-coral.jpeg","assets/butterflyfish-eating-coral.jpeg","photo","coral reef","Erin - stock.adobe.com","School of Ornate Butterfly Tropical Fish Eating on Coral","4001","3000",
"210043982","Star coral at night.jpeg","assets/Star coral at night.jpeg","photo","coral reef","John Anderson - stock.adobe.com","Star coral at night","3888","2592",
"210793805","Underwater a shoal of small blue fish ( blue-green chromis ) with cauliflower coral, Pacific ocean, lagoon of Tahaa island, French Polynesia.jpeg","assets/Underwater a shoal of small blue fish ( blue-green chromis ) with cauliflower coral, Pacific ocean, lagoon of Tahaa island, French Polynesia.jpeg","photo","coral reef","damedias - stock.adobe.com","Shoal of blue fish with coral French Polynesia","6000","3753",
"213273129","Close up view of hard coral polys Raja Ampat Indonesia.jpeg","assets/Close up view of hard coral polys Raja Ampat Indonesia.jpeg","photo","coral reef","anemone - stock.adobe.com","AdobeStock_FbbrhT.jpg","4288","2230",
"216966198","aerial-view-island-lagoon-barrier-reef.jpeg","assets/aerial-view-island-lagoon-barrier-reef.jpeg","photo","coral reef","Marc Pelissier - stock.adobe.com","Moorea Tiahura & Fareone Motu - Tahiti","5383","3213",
"218092898","ca-sealion.jpeg","assets/ca-sealion.jpeg","photo","general","Gail - stock.adobe.com","AdobeStock_8RW5UP.jpg","5674","3847",
"219617865","damselfish-single-coral-closeup.jpeg","assets/damselfish-single-coral-closeup.jpeg","photo","coral reef","Francesco - stock.adobe.com","Humbug Dascyllus Dascyllus aruanus","3535","2357",
"220262459","ambon-damselfish.jpeg","assets/ambon-damselfish.jpeg","photo","reef fish","Francesco - stock.adobe.com","Ambon Damsel Pomacentrus amboinensis","3456","2314",
"222502053","Stylophora colorful SPS coral in saltwater aquarium reef tank .jpeg","assets/Stylophora colorful SPS coral in saltwater aquarium reef tank .jpeg","photo","coral reef","Kolevski.V - stock.adobe.com","Stylophora colorful SPS coral in saltwater aquarium reef tank ","4896","3208",
"222933177","tropical-island-aerial-view-lagoon-reef.jpeg","assets/tropical-island-aerial-view-lagoon-reef.jpeg","photo","coral reef","Andrea Izzotti - stock.adobe.com","Moorea island french polynesia lagoon aerial view","6800","2867",
"224804025","glassy-sweepers-and-elkhorn-coral-in-caribbean-sea-224804025.mov","assets/glassy-sweepers-and-elkhorn-coral-in-caribbean-sea-224804025.mov","video","coral reef",,"Stock 2","1920","1080","15.02 s"
"229528110","channel clinging crab,Mithrax spinosissimus.jpeg","assets/channel clinging crab,Mithrax spinosissimus.jpeg","photo","coral reef","John Anderson - stock.adobe.com","channel clinging crab,Mithrax spinosissimus","3100","2325",
"230570247","ocean-wave-kelp-breaking.jpeg","assets/ocean-wave-kelp-breaking.jpeg","photo","kelp forest","Uryadnikov Sergey - stock.adobe.","Seaweed through the surf wave. Cape of Good Hope. South Africa.","4928","2397",
"230617177","school-of-fish-sharks-swim-in-a-circle-230617177.mov","assets/school-of-fish-sharks-swim-in-a-circle-230617177.mov","video","reef fish",,,"1920","1080","0:00:30"
"230695999","Diver with Spiny Lobster.jpeg","assets/Diver with Spiny Lobster.jpeg","photo","coral reef","scubagreg123 - stock.adobe.com","Diver with Spiny Lobster","4288","2848",
"233483513","fishing-boat-seagulls-rocky-coast.jpeg","assets/fishing-boat-seagulls-rocky-coast.jpeg","photo","reef fish","htrnr - stock.adobe.com",,"1000","527",
"236055681","chromis-acropora.jpeg","assets/chromis-acropora.jpeg","photo","coral reef","megumi miyata - stock.adobe.com","Blue Green Damselfish and Reticulate Dascyllus","3200","2400",
"236055681","damselfish-pair-acropora-coral.jpeg","assets/damselfish-pair-acropora-coral.jpeg","photo","coral reef","megumi miyata - stock.adobe.com","Blue Green Damselfish and Reticulate Dascyllus","3200","2400",
"236156588","commercial-fishing-boat-sailing-in-bosphorus-istanbul-turkey-236156588.jpeg","assets/commercial-fishing-boat-sailing-in-bosphorus-istanbul-turkey-236156588.jpeg","photo","reef fish","CanYalicn - stock.adobe.com","Commercial fishing boat sailing in Bosphorus, istanbul, Turkey","7860","4421",
"240969638","little-woman-looks-amazed-at-the-big-clock-240969638.jpeg","assets/little-woman-looks-amazed-at-the-big-clock-240969638.jpeg","photo","general","Cristina Conti - stock.adobe.com","AdobeStock_Nytqh6.jpg","5472","3648",
"243704212","high-resolution-world-map-in-blue-243704212.jpeg","assets/high-resolution-world-map-in-blue-243704212.jpeg","photo","general","mozZz - stock.adobe.com","High resolution world map in blue","10450","5093",
"245429971","haemulon-flavolineatum-the-french-grunt-245429971.jpeg","assets/haemulon-flavolineatum-the-french-grunt-245429971.jpeg","photo","coral reef","John Anderson - stock.adobe.com","Haemulon flavolineatum, the French grunt","3456","2304",
"246906097","bleach-coral.jpeg","assets/bleach-coral.jpeg","photo","coral reef","Richard Carey - stock.adobe.com","AdobeStock_yksXfo.jpg","5184","3456",
"246906097","coral-reef-bleached-anemone-fish-school.jpeg","assets/coral-reef-bleached-anemone-fish-school.jpeg","photo","coral reef","Richard Carey - stock.adobe.com","Coral bleaching climate change","5184","3456",
"252561920","kelp forest views from below.jpeg","assets/kelp forest views from below.jpeg","photo","reef fish","Andrew - stock.adobe.com","kelp forest views from below","5568","3712",
"252561920","kelp-forest-fish-school-underwater.jpeg","assets/kelp-forest-fish-school-underwater.jpeg","photo","reef fish","Andrew - stock.adobe.com","kelp forest views from below","5568","3712",
"259251575","many-fish-swimming-with-kelp-259251575.jpeg","assets/many-fish-swimming-with-kelp-259251575.jpeg","photo","reef fish","Andrew - stock.adobe.com","many fish swimming with kelp","5568","2441",
"259651546","kelp-hero.jpeg","assets/kelp-hero.jpeg","photo","coral reef","cherylvb - stock.adobe.com","California Kelp Bed","6000","4000",
"260282941","scad-jamb-under-water-sea-ecosystem-large-school-of-fish-on-a-blue-260282941.jpeg","assets/scad-jamb-under-water-sea-ecosystem-large-school-of-fish-on-a-blue-260282941.jpeg","photo","coral reef","kichigin19 - stock.adobe.com","scad jamb under water / sea ecosystem, large school of fish on a blue background, abstract fish alive","5392","1200",
"260730256","pocillopora-damicornis-eg-47-260730256.jpeg","assets/pocillopora-damicornis-eg-47-260730256.jpeg","photo","coral reef","Christian - stock.adobe.com","Pocillopora damicornis EG-47","4500","3000",
"27112628","Fish, coral and ocean.jpeg","assets/Fish, coral and ocean.jpeg","photo","coral reef","stephan kerkhofs - stock.adobe.com","Fish, coral and ocean","5616","3744",
"280692121","bluefintrevally.jpeg","assets/bluefintrevally.jpeg","photo","coral reef","GeraldRobertFischer - stock.adobe.com","Bluefin Trevally - Caranx melampygus","4582","3055",
"280700266","Red spotted Coral Crab, Trapezia rufopunctata, is a species of guard crabs in the family Trapeziidae.jpeg","assets/Red spotted Coral Crab, Trapezia rufopunctata, is a species of guard crabs in the family Trapeziidae.jpeg","photo","coral reef","GeraldRobertFischer - stock.adobe.com",,"1000","667",
"281866464","channel-islands-california-usa-kelp-forests-during-scuba-diving-in-281866464.jpeg","assets/channel-islands-california-usa-kelp-forests-during-scuba-diving-in-281866464.jpeg","photo","kelp forest","Rafael - stock.adobe.com","AdobeStock_mrHwL1.jpg","6000","4000",
"284377059","blacktip-reef-sharks-split-view-island.jpeg","assets/blacktip-reef-sharks-split-view-island.jpeg","photo","coral reef","ChristianHerzog - stock.adobe.co","Black Tip Reef Sharks Swim Around Moorea in French Polynesia","4928","3264",
"288584192","Critically Endangered Elkhorn Coral Being Farmed.jpeg","assets/Critically Endangered Elkhorn Coral Being Farmed.jpeg","photo","coral restoration","Peter Clark - stock.adobe.com","Critically Endangered Elkhorn Coral Being Farmed","5184","3456",
"289853728","chromis-viridis-289853728.jpeg","assets/chromis-viridis-289853728.jpeg","photo","reef fish","T-Images - stock.adobe.com","AdobeStock_hlsgVD.jpg","5184","3456",
"293448028","orca-pod.jpeg","assets/orca-pod.jpeg","photo","coast","Jeroen - stock.adobe.com","Three orcas in a row, telegraph cove at Vancouver island, British Columbia, Canada.","2993","1995",
"299576809","norht-sea-fishing.jpeg","assets/norht-sea-fishing.jpeg","photo","reef fish","Alex Stemmer - stock.adobe.com","Frozen fishing vessel in coming back to the port at the sunset","5905","3322",
"301251599","reticulated-dascyllus-sheltering-in-branching-coral-manado-indonesia-301251599.mov","assets/reticulated-dascyllus-sheltering-in-branching-coral-manado-indonesia-301251599.mov","video","coral reef",,,"1920","1080","25.83 s"
"305461735","whale-ship.jpeg","assets/whale-ship.jpeg","photo","coast","Mathias - stock.adobe.com","Three Humpback whales with fin swimming in ocean and feeding. Orange whale Watching tour boat ship in background. Greenland Disko Bay Ilulissat.","4000","2668",
"314197524","fluorescent coral at night .jpeg","assets/fluorescent coral at night .jpeg","photo","coral reef","Snappy Sammy - stock.adobe.com","AdobeStock_4kjGRc.jpg","4565","2954",
"316635941","spiny-lobsters-group-reef-hideout.jpeg","assets/spiny-lobsters-group-reef-hideout.jpeg","photo","coral reef","Forest2Sea - stock.adobe.com","AdobeStock_36awcJ.jpg","3597","2408",
"317760662","ucsb-campus.jpeg","assets/ucsb-campus.jpeg","photo","coast","Klodien - stock.adobe.com","Storke Bell Tower above trees at UC Santa Barbara, Goleta, California.","4958","3305",
"320740006","school-of-trevally-fish-320740006.jpeg","assets/school-of-trevally-fish-320740006.jpeg","photo","coral reef","敏治 荒川 - stock.adobe.com","school of trevally fish","5718","3840",
"3282792","green coral polyps.jpeg","assets/green coral polyps.jpeg","photo","coral reef","Bruce Photos - stock.adobe.com","AdobeStock_qSXiVJ.jpg","3456","2304",
"328844785","bee-pollination.jpeg","assets/bee-pollination.jpeg","photo","general","Martin - stock.adobe.com","Time to collect honey","2421","1614",
"333720756","sheephead.jpeg","assets/sheephead.jpeg","photo","coral reef","David A Litman - stock.adobe.com","AdobeStock_Jtr4Th.jpg","2998","2001",
"336824711","elkhorn-coral-diver-key-largo.jpeg","assets/elkhorn-coral-diver-key-largo.jpeg","photo","coral reef","Tsado - stock.adobe.com","Elkhorn Coral, Key Largo, Florida","3000","2000",
"344217987","tropical-island-split-view-coral-reef-shark.jpeg","assets/tropical-island-split-view-coral-reef-shark.jpeg","photo","coral reef","damedias - stock.adobe.com","French Polynesia, coral reef with colorful fish underwater and tropical coast with green vegetation, split view over and under water surface, Pacific ocean, Oceania","5927","4644",
"344359626","lobster-in-underwater-trap-cage.jpeg","assets/lobster-in-underwater-trap-cage.jpeg","photo","invertebrate","ead72 - stock.adobe.com",,"1000","667",
"351565102","card-for-world-oceans-day-or-water-day-blue-planet-crystal-glass-globe-351565102.jpeg","assets/card-for-world-oceans-day-or-water-day-blue-planet-crystal-glass-globe-351565102.jpeg","photo","climate","julia_arda - stock.adobe.com",,"5760","2448",
"356414485","panoramic-aerial-shot-of-christmas-island-and-lagoon-in-kiribati-356414485.jpeg","assets/panoramic-aerial-shot-of-christmas-island-and-lagoon-in-kiribati-356414485.jpeg","photo","coral reef","Lightning Strike Pro - stock.adobe.com","AdobeStock_JwP5He.jpg","11333","4564",
"360797033","queen-anne-hill-seattle-washington-downtown-city-skyline-lake-union-360797033.jpeg","assets/queen-anne-hill-seattle-washington-downtown-city-skyline-lake-union-360797033.jpeg","photo","general","Christopher Boswell - stock.adobe.com","AdobeStock_Byz4OJ.jpg","5464","3070",
"369289615","coyote-road.jpeg","assets/coyote-road.jpeg","photo","general","Gerard - stock.adobe.com","AdobeStock_qiNnBk.jpg","7952","5304",
"379187528","whale-eating-herring.jpeg","assets/whale-eating-herring.jpeg","photo","reef fish","Paul - stock.adobe.com","Feeding Humpback Whale, Alaska","5120","3414",
"380400074","ophiodon-elongatus-lingcod-380400074.jpeg","assets/ophiodon-elongatus-lingcod-380400074.jpeg","photo","coral reef","Phil Garner - stock.adobe.com","AdobeStock_w1HVzc.jpg","3487","1814",
"380723868","Coral Crab - Gurard Crab (Trapezia serenei) Hiding in Coral Feeding at Night.jpeg","assets/Coral Crab - Gurard Crab (Trapezia serenei) Hiding in Coral Feeding at Night.jpeg","photo","coral reef","Jim - stock.adobe.com","Coral Crab - Gurard Crab (Trapezia serenei) Hiding in Coral Feeding at Night","4411","3000",
"397962220","hard-coral-and-macro-algae-competing-for-space-on-a-red-sea-coral-reef-397962220.jpeg","assets/hard-coral-and-macro-algae-competing-for-space-on-a-red-sea-coral-reef-397962220.jpeg","photo","coral reef","Nina - stock.adobe.com","AdobeStock_caNiyR.jpg","3442","2583",
"401217735","fishing-boat-pulling-salmon-net-alaska-slow-motion-401217735.mov","assets/fishing-boat-pulling-salmon-net-alaska-slow-motion-401217735.mov","video","reef fish",,,"2048","1080","19.46 s"
"41226813","acropora-palmata-elkhorn-coral.jpeg","assets/acropora-palmata-elkhorn-coral.jpeg","photo","coral reef","Pete Niesen Photo - stock.adobe.com","Elkhorn coral (Acropora palmata) on reef","4352","3264",
"416792117","garibaldi-fish-orange-kelp-forest.jpeg","assets/garibaldi-fish-orange-kelp-forest.jpeg","photo","reef fish","Gary Peplow - stock.adobe.com","AdobeStock_mcL41U.jpg","4152","2731",
"41975114","Underwater view-coralreef.jpeg","assets/Underwater view-coralreef.jpeg","photo","coral reef","borisoff - stock.adobe.com","Underwater view","4000","2370",
"42028571","Coral reef.jpeg","assets/Coral reef.jpeg","photo","coral reef","borisoff - stock.adobe.com","Coral reef","6000","3983",
"44341404","overwater-bungalows-split-view-reef-fish.jpeg","assets/overwater-bungalows-split-view-reef-fish.jpeg","photo","coral reef","BlueOrange Studio - stock.adobe.","Moorea landscape","4300","2867",
"445954054","Macro scene of Stylophora sps coral - Pocilloporidae sp..jpeg","assets/Macro scene of Stylophora sps coral - Pocilloporidae sp..jpeg","photo","coral restoration","Kolevski.V - stock.adobe.com","AdobeStock_mxFxLl.jpg","3200","2138",
"459529128","stickleback.jpeg","assets/stickleback.jpeg","photo","reef fish","justas - stock.adobe.com","AdobeStock_Eizylw.jpg","4414","2559",
"4607074","Hawkfish on coral.jpeg","assets/Hawkfish on coral.jpeg","photo","coral reef","cbpix - stock.adobe.com","Hawkfish on coral","3000","1974",
"461890349","parrotfish.jpeg","assets/parrotfish.jpeg","photo","coral reef","Richard - stock.adobe.com","AdobeStock_nRIMkY.jpg","7431","4943",
"461917520","Closeup shot of a California spiny lobster.jpeg","assets/Closeup shot of a California spiny lobster.jpeg","photo","reef fish","Yisi Li/Wirestock - stock.adobe.","Closeup shot of a California spiny lobster","3072","2304",
"461917520","lobster.jpeg","assets/lobster.jpeg","photo","reef fish","Yisi Li/Wirestock - stock.adobe.com","AdobeStock_rgR7Hs.jpg","3072","2304",
"466179536","coral-reef-panorama-anthias-fish.jpeg","assets/coral-reef-panorama-anthias-fish.jpeg","photo","coral reef","Adrien - stock.adobe.com","Red sea coral reef landscape with corals and damsel fishes banner background","10878","3626",
"476149251","Montipora colorful stony coral in reef aquarium tank.jpeg","assets/Montipora colorful stony coral in reef aquarium tank.jpeg","photo","coral restoration","Kolevski.V - stock.adobe.com","AdobeStock_sXD9HS.jpg","4872","3248",
"480605812","Marbled Grouper spawning Fakarava South Pass.jpeg","assets/Marbled Grouper spawning Fakarava South Pass.jpeg","photo","reef fish","Tomas - stock.adobe.com","AdobeStock_bjOI0C.jpg","8000","5333",
"481428282","Grey Reef Sharks on Fakarava Atoll French Polynesia.jpeg","assets/Grey Reef Sharks on Fakarava Atoll French Polynesia.jpeg","photo","coral reef","Tomas - stock.adobe.com","AdobeStock_BIMCsu.jpg","8000","4724",
"497313706","Life in a coral - Red coral crab - Trapezia Cymodoce - Trapeziidaeplus with a fish and a shrimp inside of a coral formation macro close up.jpeg","assets/Life in a coral - Red coral crab - Trapezia Cymodoce - Trapeziidaeplus with a fish and a shrimp inside of a coral formation macro close up.jpeg","photo","coral reef","Fotopogledi - stock.adobe.com","Life in a coral - Red coral crab - Trapezia Cymodoce - Trapeziidaeplus with a fish and a shrimp inside of a coral formation macro close up","3841","2881",
"497699772","pacific-herring-net.jpeg","assets/pacific-herring-net.jpeg","photo","reef fish","Константин Байдин - stock.adobe.com","AdobeStock_FBmk86.jpg","6000","4000",
"50058662","hurricane-earth-from-space.jpeg","assets/hurricane-earth-from-space.jpeg","photo","climate","Photobank - stock.adobe.com","typhoon, satellite view","4000","2492",
"508237701","crystal-structure-of-human-p450-3a4-in-complex-with-erythromycin-red-508237701.jpeg","assets/crystal-structure-of-human-p450-3a4-in-complex-with-erythromycin-red-508237701.jpeg","photo","general","Walter_D - stock.adobe.com","AdobeStock_CmVNfh.jpg","8000","4000",
"509966357","aerial-fishing-boats-in-vietnam-overfishing-concept-509966357.mov","assets/aerial-fishing-boats-in-vietnam-overfishing-concept-509966357.mov","video","reef fish",,,"1920","1080","20.52 s"
"527782834","man-scuba-diver-checking-beautiful-colorful-healthy-coral-reef-with-527782834.jpeg","assets/man-scuba-diver-checking-beautiful-colorful-healthy-coral-reef-with-527782834.jpeg","photo","coral reef","Tunatura - stock.adobe.com","AdobeStock_yAKCQX.jpg","5472","3648",
"530488246","herring-roe-kazunoko-530488246.jpeg","assets/herring-roe-kazunoko-530488246.jpeg","photo","reef fish","sixcube - stock.adobe.com","AdobeStock_uVmyV4.jpg","5184","3456",
"530515095","thalassoma-staring.jpeg","assets/thalassoma-staring.jpeg","photo","coral reef","anemone - stock.adobe.com","AdobeStock_7R9i9r.jpg","5022","3287",
"532470083","A group of red coral fish is moving over the reef. Natural aquarium, marine fauna of the Indian Ocean..jpeg","assets/A group of red coral fish is moving over the reef. Natural aquarium, marine fauna of the Indian Ocean..jpeg","photo","coral reef","Vladislav - stock.adobe.com","AdobeStock_X54CSM.jpg","4912","2760",
"548286315","purple-urchin.jpeg","assets/purple-urchin.jpeg","photo","coral reef","cherylvb - stock.adobe.com","California Purple sea urchin underwater","7000","4667",
"548286315","Underwater photo of a purple sea urchin on a reef in California's Channel Islands. .jpeg","assets/Underwater photo of a purple sea urchin on a reef in California's Channel Islands. .jpeg","photo","coral reef","cherylvb - stock.adobe.com","California Purple sea urchin underwater","7000","4667",
"55151798","tropical-palm-island-ocean.jpeg","assets/tropical-palm-island-ocean.jpeg","photo","coast","Musicman80 - stock.adobe.com","Tropical island","3333","2500",
"551928741","fivestripewrasse.jpeg","assets/fivestripewrasse.jpeg","photo","coral reef","Kolevski.V - stock.adobe.com","AdobeStock_VzXS2D.jpg","3200","2400",
"552748421","big-data-technology-and-data-science-illustration-data-flow-concept-552748421.jpeg","assets/big-data-technology-and-data-science-illustration-data-flow-concept-552748421.jpeg","photo","general","NicoElNino - stock.adobe.com","Big data technology and data science illustration. Data flow concept. Querying, analysing, visualizing complex information. Neural network for artificial intelligence. Data mining. Business analytics.","7680","4320",
"556696693","offshore-wind-farm.jpeg","assets/offshore-wind-farm.jpeg","photo","coast","nblxer - stock.adobe.com","Wind turbine. Aerial view of wind turbines or windmills farm field in blue sea in Finland.","5464","3640",
"584463912","Korallenkrabbe (Guard crab) in einer Steinkoralle im Roten Meer, Golf von Akaba, Dahab, Ägypten.jpeg","assets/Korallenkrabbe (Guard crab) in einer Steinkoralle im Roten Meer, Golf von Akaba, Dahab, Ägypten.jpeg","photo","invertebrate","Yannick - stock.adobe.com","Diving Dahab - Gulf of Aqaba","3676","2453",
"60330699","schooling-jacks-fish-underwater.jpeg","assets/schooling-jacks-fish-underwater.jpeg","photo","reef fish","leonardogonzalez - stock.adobe.c","Trevally Baitball","4928","3264",
"610720068","symbol-of-scientific-literature-thin-line-icon-of-biochemistry-and-610720068.ai","assets/symbol-of-scientific-literature-thin-line-icon-of-biochemistry-and-610720068.ai","vector","general",,"Icon_TL_DvA-z-icon_biochemistry_genetics","284","284",
"612877048","speedometer-tachometer-icon-speedometer-indicator-icon-collection-612877048.ai","assets/speedometer-tachometer-icon-speedometer-indicator-icon-collection-612877048.ai","vector","general",,"Speedometer, tachometer icon. Speedometer indicator icon collection. Speed indicator icons. EPS 10","7500","2000",
"615953704","Adult Garibaldi damselfish (Hypsypops rubicundus) in rocky reef.jpeg","assets/Adult Garibaldi damselfish (Hypsypops rubicundus) in rocky reef.jpeg","photo","coral reef","Designpics - stock.adobe.com","Adult Garibaldi damselfish (Hypsypops rubicundus) in rocky reef","3768","2524",
"658768154","giant-kelp-sunlight-underwater.jpeg","assets/giant-kelp-sunlight-underwater.jpeg","photo","coral reef","Michael - stock.adobe.com","AdobeStock_TDPMWa.jpg","4985","3739",
"667972509","parrotfish-swim-above-purple-hued-coral-great-barrier-reef-667972509.mov","assets/parrotfish-swim-above-purple-hued-coral-great-barrier-reef-667972509.mov","video","coral reef",,,"3840","2160","12.24 s"
"670271098","lorenz-attractor-abstract-art.jpeg","assets/lorenz-attractor-abstract-art.jpeg","photo","general","Ricardo - stock.adobe.com","AdobeStock_I5xAZe.jpg","3840","2160",
"682706956","black-solid-icon-for-research-682706956.ai","assets/black-solid-icon-for-research-682706956.ai","vector","general",,"Data analytics line 4k","4000","4000",
"69822660","santabarbara-downtown.jpeg","assets/santabarbara-downtown.jpeg","photo","coast","sborisov - stock.adobe.com","Santa Barbara from the pier","4505","3003",
"787553349","bleached-elkhorn-coral-787553349.mov","assets/bleached-elkhorn-coral-787553349.mov","video","coral reef",,"bleached_apal1","1920","1080","12.98 s"
"85659279","seagrass.jpeg","assets/seagrass.jpeg","photo","reef fish","Richard Carey - stock.adobe.com","AdobeStock_qsqYP2.jpg","5184","3000",
"864120573","large-porites-lutea-coral-on-coral-reef-864120573.mov","assets/large-porites-lutea-coral-on-coral-reef-864120573.mov","video","coral reef",,,"3840","2160","14.95 s"
"89362676","Underwater coral reef.jpeg","assets/Underwater coral reef.jpeg","photo","coral reef","Jag_cz - stock.adobe.com","Underwater coral reef","5616","3744",
"906899247","a-humpback-whale-trapped-in-a-large-fishing-net-highlighting-the-issue-906899247.jpeg","assets/a-humpback-whale-trapped-in-a-large-fishing-net-highlighting-the-issue-906899247.jpeg","photo","coral reef","Florian Dussart - stock.adobe.com",,"5824","3264",
"957670581","fish-biodiversity.jpeg","assets/fish-biodiversity.jpeg","photo","coral reef","Mike Workman - stock.adobe.com","AdobeStock_AR0odV.jpg","8256","5504",
"97915842","Scuba diving.jpeg","assets/Scuba diving.jpeg","photo","coral reef","Richard Carey - stock.adobe.com","Scuba diving","3126","2084",
